{
    "change_agent_game": {
        "first_100": {
            "human": [
                4721.434696509919,
                3853.4193056914564,
                4899.720111280473,
                4372.813579662834,
                5570.911534336996,
                4021.7877800329293,
                5042.969933456445,
                4059.0898899812537,
                4517.337673545636,
                4087.427538154279,
                4045.786680207931,
                3727.7241677913175,
                3721.0021121403797,
                3519.297628489403,
                4317.1887918995435,
                4748.706359325531,
                4420.806491038722,
                4398.013160790376
            ],
            "option_critic": [
                17366.60735419077,
                15178.522693038532,
                20210.497823392478,
                21639.44903358833,
                16624.87766915117,
                15136.239210728852,
                14054.878155373237,
                9455.833009041453,
                20021.78634518591,
                14975.428525442256,
                20004.485637807884,
                13995.62462206461,
                17249.172412239677,
                12017.347960326902,
                15043.118514773678,
                18938.456923779813,
                16740.158616271023,
                9841.526609741115
            ],
            "a2c_training": [
                15255.609016183065,
                14881.263067886923,
                16106.57947366159,
                13128.60969071478,
                15822.368759136081,
                13473.612250586806,
                19487.668001289,
                10924.308711314752,
                12648.945319607728,
                14552.82941372527,
                12220.226001782297,
                12730.389741076824,
                12471.412677053788,
                10940.315959423844,
                14743.348062852961,
                14376.917713344388,
                13515.768849476384,
                13007.518386944048
            ],
            "dqn_training": [
                15460.549235033051,
                10498.902873991849,
                12531.735144465949,
                14786.174530593758,
                13783.905179274754,
                16201.539753961622,
                13865.946917909594,
                9302.263320577411,
                10185.620769742869,
                12422.529380361151,
                14375.62222012414,
                15178.516677485984,
                10022.104380330946,
                7861.551889146202,
                12338.052079958588,
                11816.27588019226,
                10418.334492130953,
                13084.06101111752
            ],
            "trpo_training": [
                11291.155257420669,
                7322.709819493725,
                10704.353285123072,
                6231.329650104796,
                13665.18047348053,
                7438.602301589206,
                8351.08011013439,
                4473.730653513873,
                8929.483095023534,
                8328.700346879834,
                12054.659651283673,
                10111.771673948491,
                13016.60116241077,
                5817.901333684523,
                13993.122191558377,
                8343.444720071928,
                7931.39786376427,
                8909.592785306808
            ],
            "ppo2_training": [
                7619.691527049706,
                3207.4554835821086,
                5624.422698199356,
                3806.538744407885,
                5347.831239172411,
                5394.765309393096,
                4374.9529721251665,
                7265.030230171003,
                3983.3483195133153,
                5527.3699856515295,
                3440.470520392243,
                4979.757626152361,
                3753.589448377007,
                5396.493387673296,
                3448.8456395960475,
                4933.26837714884,
                6243.244069670081,
                4232.306129349568
            ],
            "acer_training": [
                5405.976758688696,
                3533.7148498295287,
                5695.3989292413125,
                5386.635404215892,
                6011.157106514392,
                14391.330284937869,
                8056.858587221974,
                9745.000400611083,
                11357.223490584258,
                6729.126561170689,
                16411.02099902842,
                6235.733612788762,
                10273.730658346753,
                4192.198607475186,
                4181.860460997897,
                9496.32551937475,
                6246.119940645352,
                8584.979920771866
            ],
            "keep_close": [
                0.0,
                0.0,
                0.0,
                0.0,
                0.0,
                0.0,
                0.0,
                0.0,
                0.0,
                0.0,
                0.0,
                0.0,
                0.0,
                0.0,
                0.0,
                0.0,
                0.0,
                0.0
            ]
        },
        "s": {
            "human": [
                3074.83508890511,
                2992.8454190096777,
                3123.498470825554,
                2952.2141781457594,
                3073.2978723771494,
                2996.9977499499882,
                3147.381191715273,
                3115.800708845151,
                2978.6058834423693,
                3186.449360670624,
                3000.850039068642,
                2949.4690456739786,
                3061.40050303358,
                2996.001068929098,
                2890.252026141038,
                2995.5486369643727,
                3079.211832646403,
                2933.3202751840854
            ],
            "option_critic": [
                18164.581590980055,
                19770.614017866807,
                20954.31509520166,
                16157.917445464853,
                20250.325947429676,
                20015.186579822148,
                21628.325934484466,
                22734.008083161407,
                21416.186183871338,
                22406.72968124234,
                19591.720859340978,
                20685.761279290477,
                20472.15178275384,
                21143.838650218542,
                20458.88323507344,
                21632.51228975038,
                22037.19358749555,
                17786.38728459387
            ],
            "a2c_training": [
                2996.284032739988,
                3541.9898178160256,
                4149.811983604806,
                3137.252180447935,
                2854.9657540524117,
                3395.286360979065,
                4301.779815104436,
                5038.580827212694,
                2934.42660696221,
                3704.3909546470627,
                4530.647813493707,
                2224.5306823040196,
                3243.7105936172525,
                1944.4603097288082,
                3547.468612095762,
                4167.287093850525,
                4222.459243388752,
                2438.7368521979843
            ],
            "dqn_training": [
                6242.36564520909,
                5543.3662232558445,
                6321.438593363181,
                7076.99484694361,
                6068.9932467431145,
                7137.014593911367,
                4946.9650135864285,
                5489.48113960649,
                5664.213315822205,
                7186.063100646933,
                5930.074700935455,
                5297.430487590808,
                5070.818059913537,
                5206.797588877062,
                5197.773659571023,
                6125.3692424239025,
                6242.76327906644,
                6965.797280608474
            ],